Influencer,link,video 1,video 2,video 3,Average Views,Multiplier
https://tiktok.com/@farias.061,https://tiktok.com/@farias.061,274900.0,21400.0,37000.0,143440.0,
https://tiktok.com/@TrippyBryce,https://tiktok.com/@TrippyBryce,9993.0,20800.0,6978.0,11451.4,
NO account found,NO account found,NO account found,NO account found,NO account found,NO account found,NO account found
https://tiktok.com/@richieejuice,https://tiktok.com/@richieejuice,19400.0,120200.0,70700.0,306480.0,
https://tiktok.com/@steftee,https://tiktok.com/@steftee,303200.0,159500.0,138000.0,367200.0,
https://tiktok.com/@avi.akbar,https://tiktok.com/@avi.akbar,39100.0,855500.0,68700.0,218180.0,
https://tiktok.com/@mariogmmt,https://tiktok.com/@mariogmmt,1700000.0,331100.0,939100.0,802520.0,
https://tiktok.com/@loicreyel,https://tiktok.com/@loicreyel,5063.0,5202.0,23700.0,23173.0,
https://tiktok.com/@jiebarbacena,https://tiktok.com/@jiebarbacena,9200000.0,2500000.0,2000000.0,3483500.0,
https://tiktok.com/@Zazeblox,https://tiktok.com/@Zazeblox,57500.0,33400.0,44700.0,71820.0,
https://tiktok.com/@anaaec,https://tiktok.com/@anaaec,15300.0,3665.0,126800.0,37953.0,
https://tiktok.com/@Colinrea,https://tiktok.com/@Colinrea,6502.0,20900.0,17800.0,11955.0,
https://tiktok.com/@ava_love33,https://tiktok.com/@ava_love33,783100.0,870700.0,511000.0,710240.0,
https://tiktok.com/@alexholem,https://tiktok.com/@alexholem,20300.0,436300.0,70000.0,166060.0,
https://tiktok.com/@camila.soares.ofc,https://tiktok.com/@camila.soares.ofc,1988.0,32500.0,41100.0,17846.0,
https://tiktok.com/@frostops,https://tiktok.com/@frostops,99300.0,193100.0,83900.0,295900.0,
https://tiktok.com/@naii.elyy,https://tiktok.com/@naii.elyy,3722.0,6798.0,3050.0,13414.0,
https://tiktok.com/@byefarzy,https://tiktok.com/@byefarzy,736600.0,513500.0,205700.0,398680.0,
NO account found,NO account found,NO account found,NO account found,NO account found,NO account found,NO account found
https://tiktok.com/@whiteboyem,https://tiktok.com/@whiteboyem,754600.0,994300.0,1200000.0,1127100.0,
https://tiktok.com/@joeshulk,https://tiktok.com/@joeshulk,37700.0,167400.0,220700.0,132340.0,
https://tiktok.com/@damngodfrey,https://tiktok.com/@damngodfrey,54900.0,76700.0,83100.0,77300.0,
https://tiktok.com/@fortnitetiktoks38,https://tiktok.com/@fortnitetiktoks38,66400.0,342500.0,71600.0,144900.0,
NO account found,NO account found,NO account found,NO account found,NO account found,NO account found,NO account found
https://tiktok.com/@jeandrejvrr,https://tiktok.com/@jeandrejvrr,1100000.0,2100000.0,7500000.0,2880000.0,
https://tiktok.com/@crush_4_nails,https://tiktok.com/@crush_4_nails,385800.0,12900.0,6110.0,212322.0,
https://tiktok.com/@jessica.zabala,https://tiktok.com/@jessica.zabala,375.0,330.0,367.0,336.0,
https://tiktok.com/@paulinhofaria ,https://tiktok.com/@paulinhofaria ,140000.0,1400000.0,227500.0,466620.0,
https://tiktok.com/@masterchiefin12,https://tiktok.com/@masterchiefin12,39800.0,39900.0,97600.0,226380.0,
NO account found,NO account found,NO account found,NO account found,NO account found,NO account found,NO account found
https://tiktok.com/@morenbello,https://tiktok.com/@morenbello,58800.0,54900.0,48300.0,49520.0,
https://tiktok.com/@inachitomer,https://tiktok.com/@inachitomer,292800.0,311600.0,940000.0,810220.0,
https://tiktok.com/@larissaapolli,https://tiktok.com/@larissaapolli,2126.0,79200.0,1930.0,25951.2,
https://tiktok.com/@jnizmoo,https://tiktok.com/@jnizmoo,27300.0,28900.0,18500.0,240280.0,
https://tiktok.com/@bludbrothers,https://tiktok.com/@bludbrothers,1041.0,5925.0,28400.0,24613.2,
https://tiktok.com/@adamkindacool,https://tiktok.com/@adamkindacool,4421.0,255600.0,87900.0,105684.2,
https://tiktok.com/@timmy2cans,https://tiktok.com/@timmy2cans,207000.0,537400.0,235400.0,294360.0,
https://tiktok.com/@nattycastro_,https://tiktok.com/@nattycastro_,24800.0,13300.0,19400.0,16340.0,
NO account found,NO account found,NO account found,NO account found,NO account found,NO account found,NO account found
https://tiktok.com/@segui_laflecha,https://tiktok.com/@segui_laflecha,126600.0,283700.0,351000.0,175940.0,
NO account found,NO account found,NO account found,NO account found,NO account found,NO account found,NO account found
https://tiktok.com/@graciepa,https://tiktok.com/@graciepa,39200.0,6285.0,31300.0,20617.0,
https://tiktok.com/@igobykese,https://tiktok.com/@igobykese,24600.0,124300.0,21800.0,43280.0,
https://tiktok.com/@phillipqvu,https://tiktok.com/@phillipqvu,119900.0,152900.0,524600.0,227060.0,
https://tiktok.com/@ayseacun_,https://tiktok.com/@ayseacun_,210000.0,3100000.0,3300000.0,1538280.0,
https://tiktok.com/@luanabranndao,https://tiktok.com/@luanabranndao,11700.0,31500.0,29600.0,35240.0,
https://tiktok.com/@ariadnaleyes,https://tiktok.com/@ariadnaleyes,151200.0,473800.0,64400.00000000001,149620.0,
https://tiktok.com/@manucllofrein,https://tiktok.com/@manucllofrein,622900.0,103100.0,21500.0,163840.0,
https://tiktok.com/@sabadabadoodle,https://tiktok.com/@sabadabadoodle,48500.0,150900.0,301700.0,465380.0,
https://tiktok.com/@citou_luiss,https://tiktok.com/@citou_luiss,29400.0,111700.0,527100.0,319060.0,
https://tiktok.com/@dudufootz,https://tiktok.com/@dudufootz,93400.0,17100.0,85900.0,55600.0,
https://tiktok.com/@rnstrayyyy,https://tiktok.com/@rnstrayyyy,61100.0,1300000.0,78000.0,380740.0,
https://tiktok.com/@jayy_mass3,https://tiktok.com/@jayy_mass3,12900.0,173900.0,11100.0,44920.0,
NO account found,NO account found,NO account found,NO account found,NO account found,NO account found,NO account found
https://tiktok.com/@camfant,https://tiktok.com/@camfant,173000.0,87200.0,35700.0,257060.0,
https://tiktok.com/@natiiuboldi,https://tiktok.com/@natiiuboldi,360500.0,186600.0,644500.0,509940.0,
https://tiktok.com/@kyahnextdoor,https://tiktok.com/@kyahnextdoor,67400.0,2700000.0,91000.0,722220.0,
https://tiktok.com/@lucasbalboo,https://tiktok.com/@lucasbalboo,109000.0,235700.0,36400.0,116560.0,
https://tiktok.com/@jillzfoodz_,https://tiktok.com/@jillzfoodz_,109900.0,162800.0,310000.0,301760.0,
https://tiktok.com/@trafficconesaxman,https://tiktok.com/@trafficconesaxman,72200.0,145200.0,36500.0,407400.0,
https://tiktok.com/@maystxnreloaded,https://tiktok.com/@maystxnreloaded,85100.0,38200.0,274300.0,132380.0,
https://tiktok.com/@tomas_alvarez_okk,https://tiktok.com/@tomas_alvarez_okk,307900.0,881500.0,720300.0,603960.0,
https://tiktok.com/@dimechucho,https://tiktok.com/@dimechucho,115900.0,133600.0,288700.0,149140.0,
https://tiktok.com/@disleyramoses,https://tiktok.com/@disleyramoses,431200.0,357500.0,486500.0,482120.0,
https://tiktok.com/@daniellocampo,https://tiktok.com/@daniellocampo,75500.0,107800.0,5364.0,49225.6,
https://tiktok.com/@farrahandkaleb,https://tiktok.com/@farrahandkaleb,53900.0,557000.0,251200.0,232660.0,
https://tiktok.com/@simplykamarea,https://tiktok.com/@simplykamarea,6335.0,24600.0,53900.0,204647.0,
https://tiktok.com/@natoe69,https://tiktok.com/@natoe69,110200.0,1500000.0,735100.0,1023100.0,
https://tiktok.com/@alibaba_rcm,https://tiktok.com/@alibaba_rcm,634400.0,798200.0,425300.0,3151580.0,
https://tiktok.com/@zogno,https://tiktok.com/@zogno,41500.0,34400.0,32200.000000000004,229680.0,
https://tiktok.com/@harogilberto,https://tiktok.com/@harogilberto,10000.0,117200.0,115600.0,74062.8,
https://tiktok.com/@bradschemmel,https://tiktok.com/@bradschemmel,30300.0,35000.0,43800.0,31780.0,
https://tiktok.com/@ashray,https://tiktok.com/@ashray,45000.0,41300.0,26700.0,56320.0,
https://tiktok.com/@pinkskiiofficial,https://tiktok.com/@pinkskiiofficial,1643.0,7204.0,2265.0,3177.8,
NO account found,NO account found,NO account found,NO account found,NO account found,NO account found,NO account found
NO account found,NO account found,NO account found,NO account found,NO account found,NO account found,NO account found
https://tiktok.com/@ezequieldeluca_,https://tiktok.com/@ezequieldeluca_,138900.0,119500.0,213200.0,256840.0,
https://tiktok.com/@curvavlogs7,https://tiktok.com/@curvavlogs7,56900.0,20700.0,265400.0,134000.0,
https://tiktok.com/@agustinandradaok,https://tiktok.com/@agustinandradaok,338300.0,1000000.0,1400000.0,1487660.0,
https://tiktok.com/@alanaribeirop,https://tiktok.com/@alanaribeirop,23000.0,14300.0,80000.0,101940.0,
https://tiktok.com/@menor_bruno,https://tiktok.com/@menor_bruno,321800.0,77000.0,52100.0,116400.0,
https://tiktok.com/@barbohsah,https://tiktok.com/@barbohsah,156300.0,231300.0,141800.0,252180.0,
https://tiktok.com/@Jordandaboo,https://tiktok.com/@Jordandaboo,5092.0,6430.0,8383.0,49061.0,
NO account found,NO account found,NO account found,NO account found,NO account found,NO account found,NO account found
https://tiktok.com/@matts_alright,https://tiktok.com/@matts_alright,128300.00000000001,114100.0,148000.0,128660.0,
https://tiktok.com/@franticframes,https://tiktok.com/@franticframes,2605.0,4012.0,500200.0,140063.4,
https://tiktok.com/@chazcarti,https://tiktok.com/@chazcarti,13300.0,12900.0,8237.0,10552.0,
https://tiktok.com/@keenanbank,https://tiktok.com/@keenanbank,68200.0,175400.0,87600.0,214520.0,
https://tiktok.com/@lucianamilessi,https://tiktok.com/@lucianamilessi,7039.0,72800.0,47100.0,35147.8,
https://tiktok.com/@caylanisaraiva,https://tiktok.com/@caylanisaraiva,2747.0,6976.0,7969.0,5090.4,
https://tiktok.com/@antogomez001,https://tiktok.com/@antogomez001,7771.0,167100.0,386300.0,167034.2,
https://tiktok.com/@chelseapre,https://tiktok.com/@chelseapre,3686.0,96700.0,70000.0,51857.2,
https://tiktok.com/@.lachyz,https://tiktok.com/@.lachyz,331600.0,82800.0,11700.0,124680.0,
https://tiktok.com/@sadiecrowell,https://tiktok.com/@sadiecrowell,357000.0,234500.0,421000.0,346960.0,
NO account found,NO account found,NO account found,NO account found,NO account found,NO account found,NO account found
https://tiktok.com/@ZaireGardnerd,https://tiktok.com/@ZaireGardnerd,949700.0,37900.0,1400000.0,654320.0,
https://tiktok.com/@FitXander,https://tiktok.com/@FitXander,7453.0,3359.0,5973.0,9399.8,
https://tiktok.com/@mirellyalmeidatorres,https://tiktok.com/@mirellyalmeidatorres,6373.0,10100.0,48700.0,22094.6,
https://tiktok.com/@talupellegrinoo,https://tiktok.com/@talupellegrinoo,106400.0,145600.0,244000.0,323820.0,
https://tiktok.com/@703.naz,https://tiktok.com/@703.naz,70500.0,180100.0,110100.0,455020.0,
https://tiktok.com/@ftdaily,https://tiktok.com/@ftdaily,14400.0,16700.0,54600.0,22423.2,
https://tiktok.com/@jason.nms,https://tiktok.com/@jason.nms,97100.0,212600.0,119700.0,237020.0,
https://tiktok.com/@sam_hutchinson,https://tiktok.com/@sam_hutchinson,121400.0,338200.0,291300.0,3330180.0,
https://tiktok.com/@lavdysheva,https://tiktok.com/@lavdysheva,1400000.0,2100000.0,128400.0,929340.0,
https://tiktok.com/@legendaley,https://tiktok.com/@legendaley,31200.0,9081.0,31900.0,20576.2,
https://tiktok.com/@justinlt23,https://tiktok.com/@justinlt23,1800000.0,189700.0,432600.0,585900.0,
https://tiktok.com/@kodekai,https://tiktok.com/@kodekai,57700.0,40700.0,81800.0,516720.0,
https://tiktok.com/@sofia.marttinezz,https://tiktok.com/@sofia.marttinezz,274500.0,164800.0,184700.0,170300.0,
https://tiktok.com/@unknowlss,https://tiktok.com/@unknowlss,13800.0,30800.0,494000.0,124920.0,
https://tiktok.com/@dansfitspo,https://tiktok.com/@dansfitspo,119.0,2941.0,11800.0,9004.8,
https://tiktok.com/@fynnaves,https://tiktok.com/@fynnaves,16600.0,2709.0,14700.0,13409.4,
https://tiktok.com/@giacanning,https://tiktok.com/@giacanning,37400.0,37700.0,6100000.0,1265460.0,
https://tiktok.com/@eisabely,https://tiktok.com/@eisabely,1518.0,27500.0,10300.0,13303.6,
https://tiktok.com/@marivicenzi,https://tiktok.com/@marivicenzi,10400.0,14700.0,8475.0,10338.8,
https://tiktok.com/@michiparedesc,https://tiktok.com/@michiparedesc,583500.0,114300.0,248200.0,304940.0,
https://tiktok.com/@baezageorge,https://tiktok.com/@baezageorge,3100000.0,133300.0,4099999.9999999995,3579480.0,
NO account found,NO account found,NO account found,NO account found,NO account found,NO account found,NO account found
NO account found,NO account found,NO account found,NO account found,NO account found,NO account found,NO account found
https://tiktok.com/@blackskiiofficial,https://tiktok.com/@blackskiiofficial,26000.0,14600.0,11400.0,14957.0,
https://tiktok.com/@notyourlocalhabibi,https://tiktok.com/@notyourlocalhabibi,51300.0,54400.0,51700.0,56660.0,
https://tiktok.com/@madison.humphreyy,https://tiktok.com/@madison.humphreyy,981200.0,1300000.0,2000000.0,1206100.0,
https://tiktok.com/@chillestcat,https://tiktok.com/@chillestcat,36800.0,12200000.0,622700.0,2631800.0,
https://tiktok.com/@bigbaker,https://tiktok.com/@bigbaker,205700.0,282200.0,105300.0,217660.0,
https://tiktok.com/@sofia.rodriguez.1,https://tiktok.com/@sofia.rodriguez.1,382700.0,308100.0,5500000.0,1835040.0,
NO account found,NO account found,NO account found,NO account found,NO account found,NO account found,NO account found
NO account found,NO account found,NO account found,NO account found,NO account found,NO account found,NO account found
NO account found,NO account found,NO account found,NO account found,NO account found,NO account found,NO account found
https://tiktok.com/@tobiasdiodoardo0,https://tiktok.com/@tobiasdiodoardo0,171700.0,120500.0,511800.0,214260.0,
https://tiktok.com/@nnotej,https://tiktok.com/@nnotej,12300.0,16500.0,92700.0,47300.0,
https://tiktok.com/@lonneytoons_,https://tiktok.com/@lonneytoons_,819.0,984.0,4930.0,2880.6,
https://tiktok.com/@wiggiediego,https://tiktok.com/@wiggiediego,14800.0,15200.0,21000.0,104260.0,
https://tiktok.com/@funnyboitra,https://tiktok.com/@funnyboitra,9454.0,15700.0,20200.0,12321.4,
https://tiktok.com/@jetskips,https://tiktok.com/@jetskips,24100.0,20700.0,117300.0,130560.0,
https://tiktok.com/@beaaborres,https://tiktok.com/@beaaborres,2900000.0,731200.0,274300.0,2286520.0,
https://tiktok.com/@reinbeach,https://tiktok.com/@reinbeach,59800.0,4300000.0,176500.0,1070160.0,
https://tiktok.com/@chrisyenn5,https://tiktok.com/@chrisyenn5,188100.0,575900.0,16100.000000000002,164400.0,
https://tiktok.com/@samespinosao,https://tiktok.com/@samespinosao,526900.0,311400.0,179700.0,281300.0,
NO account found,NO account found,NO account found,NO account found,NO account found,NO account found,NO account found
NO account found,NO account found,NO account found,NO account found,NO account found,NO account found,NO account found
NO account found,NO account found,NO account found,NO account found,NO account found,NO account found,NO account found
https://tiktok.com/@danyconsoli,https://tiktok.com/@danyconsoli,7304.0,88200.0,13300.0,32611.2,
https://tiktok.com/@hitomidocameraroll,https://tiktok.com/@hitomidocameraroll,23200.0,34900.0,23000.0,116180.0,
https://tiktok.com/@alex2epic,https://tiktok.com/@alex2epic,70400.0,32700.000000000004,41900.0,47920.0,
https://tiktok.com/@luiizafaria ,https://tiktok.com/@luiizafaria ,20600.0,37100.0,204900.0,76840.0,
https://tiktok.com/@kaylag713,https://tiktok.com/@kaylag713,5493.0,1419.0,1390.0,2939.6,
https://tiktok.com/@goatr2,https://tiktok.com/@goatr2,8.0,5.0,NO account found,6.5,
https://tiktok.com/@datboydk,https://tiktok.com/@datboydk,9141.0,42500.0,452200.0,252648.2,
NO account found,NO account found,NO account found,NO account found,NO account found,NO account found,NO account found
https://tiktok.com/@jadathegr8ta,https://tiktok.com/@jadathegr8ta,63900.0,335500.0,29100.0,185640.0,
https://tiktok.com/@hatsunenica,https://tiktok.com/@hatsunenica,93200.0,1100000.0,59100.0,722040.0,
https://tiktok.com/@tefym_,https://tiktok.com/@tefym_,60500.0,238400.0,66300.0,235560.0,
https://tiktok.com/@elpecasfelipe2,https://tiktok.com/@elpecasfelipe2,25300.0,137300.0,338900.0,208060.0,
https://tiktok.com/@itsspascal,https://tiktok.com/@itsspascal,125.0,8716.0,20100.0,7659.6,
https://tiktok.com/@fisher_perry,https://tiktok.com/@fisher_perry,26900.0,49900.0,527700.0,159640.0,
https://tiktok.com/@benesherick,https://tiktok.com/@benesherick,141800.0,39200.0,48500.0,58960.0,
https://tiktok.com/@luvbiinky,https://tiktok.com/@luvbiinky,30700.0,113600.0,237600.0,228000.0,
https://tiktok.com/@blockay,https://tiktok.com/@blockay,247800.0,305600.0,1800000.0,831460.0,
https://tiktok.com/@sofyleone_,https://tiktok.com/@sofyleone_,36600.0,36200.0,122200.0,70980.0,
https://tiktok.com/@Rileysaurage,https://tiktok.com/@Rileysaurage,258300.0,1000000.0,258300.0,594600.0,
https://tiktok.com/@biiaoliveira.m,https://tiktok.com/@biiaoliveira.m,154900.0,82500.0,13000.0,56868.8,
https://tiktok.com/@northvalleygrp,https://tiktok.com/@northvalleygrp,80900.0,22500.0,40800.0,2679500.0,
https://tiktok.com/@contentmachine,https://tiktok.com/@contentmachine,806100.0,153300.0,494400.0,806480.0,
https://tiktok.com/@mikecaponera,https://tiktok.com/@mikecaponera,6889.0,18800.0,514700.00000000006,122517.8,
NO account found,NO account found,NO account found,NO account found,NO account found,NO account found,NO account found
https://tiktok.com/@joaquivergecio,https://tiktok.com/@joaquivergecio,48400.0,29200.0,28100.0,29020.0,
https://tiktok.com/@kimantipona,https://tiktok.com/@kimantipona,1806.0,4095.0,909.0,1831.2,
NO account found,NO account found,NO account found,NO account found,NO account found,NO account found,NO account found
https://tiktok.com/@kennabeann14,https://tiktok.com/@kennabeann14,348400.0,421800.0,278700.0,416280.0,
https://tiktok.com/@mw.luchi,https://tiktok.com/@mw.luchi,3692.0,2460.0,3923.0,9255.0,
https://tiktok.com/@theperkybee,https://tiktok.com/@theperkybee,148300.0,3600000.0,1000000.0,1218160.0,
https://tiktok.com/@matheusalexandre_,https://tiktok.com/@matheusalexandre_,7038.0,138600.0,2048.0,39591.0,
https://tiktok.com/@yourboyab43,https://tiktok.com/@yourboyab43,1500000.0,489300.0,258800.0,944440.0,
https://tiktok.com/@therealbcelltg,https://tiktok.com/@therealbcelltg,2266.0,17400.0,6649.0,10685.2,
https://tiktok.com/@toasterztech,https://tiktok.com/@toasterztech,75100.0,69500.0,569400.0,316540.0,
https://tiktok.com/@pitayaq,https://tiktok.com/@pitayaq,79000.0,130699.99999999999,75100.0,127240.0,
https://tiktok.com/@claire_training,https://tiktok.com/@claire_training,5823.0,7026.0,17500.0,17939.2,
https://tiktok.com/@tiiagonahu,https://tiktok.com/@tiiagonahu,12600.0,9911.0,147100.0,58902.2,
https://tiktok.com/@kimp0ssiblez,https://tiktok.com/@kimp0ssiblez,303400.0,891800.0,371700.0,688040.0,
https://tiktok.com/@kellyxgallo,https://tiktok.com/@kellyxgallo,317500.0,835800.0,77700.0,266660.0,
https://tiktok.com/@ishmoneyy,https://tiktok.com/@ishmoneyy,NO account found,NO account found,NO account found,NO account found,
https://tiktok.com/@whatsgood24.7.365,https://tiktok.com/@whatsgood24.7.365,474500.0,3600000.0,312000.0,975500.0,
https://tiktok.com/@lulu.lozano,https://tiktok.com/@lulu.lozano,52000.0,35000.0,79800.0,70080.0,
https://tiktok.com/@GerohanIrias,https://tiktok.com/@GerohanIrias,305600.0,1400000.0,3600000.0,2241120.0,
https://tiktok.com/@mia_rezanowiczz,https://tiktok.com/@mia_rezanowiczz,141800.0,223200.0,269800.0,237520.0,
https://tiktok.com/@justinbslater,https://tiktok.com/@justinbslater,200200.0,22400.0,20100.0,54833.2,
https://tiktok.com/@solecheverria,https://tiktok.com/@solecheverria,347200.0,124300.0,1100000.0,407740.0,
NO account found,NO account found,NO account found,NO account found,NO account found,NO account found,NO account found
https://tiktok.com/@fagoz,https://tiktok.com/@fagoz,7677.0,2999.0,21900.0,12855.2,
https://tiktok.com/@depeet,https://tiktok.com/@depeet,77900.0,742300.0,92400.0,250400.0,
https://tiktok.com/@its_habeeb,https://tiktok.com/@its_habeeb,817.0,8005.0,6001.0,5053.2,
https://tiktok.com/@vitoriaferrerrr,https://tiktok.com/@vitoriaferrerrr,3760.0,1737.0,2319.0,2049.6,
https://tiktok.com/@kenzao.oficial,https://tiktok.com/@kenzao.oficial,7373.0,14400.0,23100.0,15174.6,
https://tiktok.com/@danny.prk,https://tiktok.com/@danny.prk,154100.0,40100.0,121500.0,88400.0,
https://tiktok.com/@kyhanpeppers,https://tiktok.com/@kyhanpeppers,58900.0,104200.0,51100.0,67920.0,
https://tiktok.com/@bruna.aanjos,https://tiktok.com/@bruna.aanjos,57400.0,261000.0,97600.0,317460.0,
https://tiktok.com/@ragnaaarr,https://tiktok.com/@ragnaaarr,137300.0,110800.0,1300000.0,1309620.0,
https://tiktok.com/@johnyonthestreet,https://tiktok.com/@johnyonthestreet,9125.0,6510.0,10500.0,9716.8,
https://tiktok.com/@katebuitron,https://tiktok.com/@katebuitron,8396.0,10300.0,6726.0,15184.4,
https://tiktok.com/@emmitaxemiliana,https://tiktok.com/@emmitaxemiliana,36700.0,53500.0,356800.0,135160.0,
https://tiktok.com/@im_uncle_mason,https://tiktok.com/@im_uncle_mason,134200.0,33700.0,26100.0,144260.0,
NO account found,NO account found,NO account found,NO account found,NO account found,NO account found,NO account found
https://tiktok.com/@alexespinozza,https://tiktok.com/@alexespinozza,813400.0,40600.0,52700.0,460820.0,
NO account found,NO account found,NO account found,NO account found,NO account found,NO account found,NO account found
https://tiktok.com/@nicoleosoria_,https://tiktok.com/@nicoleosoria_,18300.0,11100.0,27700.0,39980.0,
https://tiktok.com/@clenilsonpirulito,https://tiktok.com/@clenilsonpirulito,417100.0,24300.0,143900.0,197820.0,
https://tiktok.com/@linoya_friedman,https://tiktok.com/@linoya_friedman,11500.0,8961.0,5002.0,13732.6,
https://tiktok.com/@mirandaallyn,https://tiktok.com/@mirandaallyn,19800.0,7314.0,46400.0,676563.8,
https://tiktok.com/@nesrasgado,https://tiktok.com/@nesrasgado,30700.0,316300.0,33400.0,146720.0,
https://tiktok.com/@davidallegre,https://tiktok.com/@davidallegre,22700.0,127600.0,3718.0,41016.6,
https://tiktok.com/@frameylad,https://tiktok.com/@frameylad,23500.0,28500.0,20400.0,25560.0,
https://tiktok.com/@a_l_e_x_.o_,https://tiktok.com/@a_l_e_x_.o_,4240.0,808.0,3841.0,7066.8,
NO account found,NO account found,NO account found,NO account found,NO account found,NO account found,NO account found
https://tiktok.com/@shrutislookbook,https://tiktok.com/@shrutislookbook,1434.0,3458.0,20400.0,5850.6,
https://tiktok.com/@inmiahwe.trust,https://tiktok.com/@inmiahwe.trust,9763.0,5598.0,4887.0,7822.8,
https://tiktok.com/@Jaummm7,https://tiktok.com/@Jaummm7,11000.0,36600.0,41700.0,32240.0,
https://tiktok.com/@missalessandraleon,https://tiktok.com/@missalessandraleon,2047.0,16100.000000000002,46500.0,16263.2,
https://tiktok.com/@michelelichino,https://tiktok.com/@michelelichino,22000.0,30600.0,54600.0,65060.0,
https://tiktok.com/@donwiil,https://tiktok.com/@donwiil,6902.0,14000.0,6959.0,7854.4,
https://tiktok.com/@thatstraightfaceguy,https://tiktok.com/@thatstraightfaceguy,10700.0,12400.0,37100.0,17433.4,
https://tiktok.com/@soubiagomes,https://tiktok.com/@soubiagomes,1786.0,3151.0,35200.0,169389.4,
https://tiktok.com/@qbthedon,https://tiktok.com/@qbthedon,9573.0,21800.0,145200.0,40694.6,
https://tiktok.com/@pauleenardemil,https://tiktok.com/@pauleenardemil,270.0,691.0,4654.0,3281.2,
https://tiktok.com/@justinbangsil0,https://tiktok.com/@justinbangsil0,202800.0,124200.0,275700.0,161820.0,
https://tiktok.com/@dilnar.d,https://tiktok.com/@dilnar.d,1223.0,11200.0,12600.0,10779.8,
https://tiktok.com/@esther_dosantos,https://tiktok.com/@esther_dosantos,1400000.0,1600000.0,1600000.0,1230340.0,
https://tiktok.com/@ryanzandyacuin,https://tiktok.com/@ryanzandyacuin,2391.0,32500.0,4067.0,26651.6,
https://tiktok.com/@sfram,https://tiktok.com/@sfram,5991.0,3514.0,5492.0,223964.6,
https://tiktok.com/@latifnaara,https://tiktok.com/@latifnaara,1303.0,3941.0,7128.0,166466.8,
https://tiktok.com/@dianellacoppo,https://tiktok.com/@dianellacoppo,221800.0,78200.0,186100.0,112220.0,
https://tiktok.com/@wesimps4sure,https://tiktok.com/@wesimps4sure,7864.0,32600.0,6399.0,14621.2,
https://tiktok.com/@jahmeldageekk,https://tiktok.com/@jahmeldageekk,108900.0,15100.0,32000.0,49240.0,
NO account found,NO account found,NO account found,NO account found,NO account found,NO account found,NO account found
https://tiktok.com/@ryan.stacks,https://tiktok.com/@ryan.stacks,12600.0,35700.0,57700.0,55180.0,
https://tiktok.com/@justinhanjob,https://tiktok.com/@justinhanjob,1200000.0,75300.0,234900.0,429460.0,
https://tiktok.com/@naviera__,https://tiktok.com/@naviera__,1200000.0,618100.0,176500.0,826620.0,
https://tiktok.com/@cczuleighka,https://tiktok.com/@cczuleighka,8518.0,8571.0,10400.0,15377.8,
https://tiktok.com/@ActuallyJosee,https://tiktok.com/@ActuallyJosee,429000.0,3100000.0,213200.0,818040.0,
https://tiktok.com/@ness_boo,https://tiktok.com/@ness_boo,188400.0,195400.0,72700.0,110940.0,
https://tiktok.com/@salveregalo,https://tiktok.com/@salveregalo,13700.0,11400.0,1589.0,8972.6,
https://tiktok.com/@annnlenn,https://tiktok.com/@annnlenn,8415.0,66100.0,16500.0,51703.0,
https://tiktok.com/@cindycamponovo,https://tiktok.com/@cindycamponovo,17000.0,422500.0,59100.0,1147660.0,
https://tiktok.com/@purpleskiiofficial,https://tiktok.com/@purpleskiiofficial,5715.0,9669.0,4899.0,11881.0,
https://tiktok.com/@_supraze_,https://tiktok.com/@_supraze_,276500.0,244300.0,556900.0,380560.0,
https://tiktok.com/@kaitlynsharpleyfitness,https://tiktok.com/@kaitlynsharpleyfitness,7700.0,526.0,7227.0,4551.6,
https://tiktok.com/@cristylawrence,https://tiktok.com/@cristylawrence,1474.0,785.0,2999.0,1584.4,
NO account found,NO account found,NO account found,NO account found,NO account found,NO account found,NO account found
https://tiktok.com/@Ickarosilva,https://tiktok.com/@Ickarosilva,747.0,2686.0,5276.0,13337.4,
https://tiktok.com/@wan_aesthenix,https://tiktok.com/@wan_aesthenix,5012.0,29100.0,33400.0,26242.4,
NO account found,NO account found,NO account found,NO account found,NO account found,NO account found,NO account found
https://tiktok.com/@montana.boyz,https://tiktok.com/@montana.boyz,27200.0,74800.0,110800.0,189660.0,
NO account found,NO account found,NO account found,NO account found,NO account found,NO account found,NO account found
https://tiktok.com/@yobruztv,https://tiktok.com/@yobruztv,14800.0,21700.0,58000.0,114000.0,
https://tiktok.com/@not.kathryn,https://tiktok.com/@not.kathryn,95300.0,53700.0,34600.0,79140.0,
https://tiktok.com/@jcook2jiggy_,https://tiktok.com/@jcook2jiggy_,32700.000000000004,657100.0,1400000.0,537460.0,
NO account found,NO account found,NO account found,NO account found,NO account found,NO account found,NO account found
NO account found,NO account found,NO account found,NO account found,NO account found,NO account found,NO account found
NO account found,NO account found,NO account found,NO account found,NO account found,NO account found,NO account found
https://tiktok.com/@sabrina_ludmila,https://tiktok.com/@sabrina_ludmila,90600.0,267300.0,1100000.0,502000.0,
https://tiktok.com/@camxpetra,https://tiktok.com/@camxpetra,728.0,1280.0,2762.0,1629.6,
https://tiktok.com/@berenicegss,https://tiktok.com/@berenicegss,5745.0,5959.0,5502.0,6758.6,
NO account found,NO account found,NO account found,NO account found,NO account found,NO account found,NO account found
https://tiktok.com/@fariasfmx,https://tiktok.com/@fariasfmx,753800.0,532200.0,213800.0,392780.0,
https://tiktok.com/@notjuilliana,https://tiktok.com/@notjuilliana,12300.0,92800.0,884200.0,219140.0,
https://tiktok.com/@anjjgaming,https://tiktok.com/@anjjgaming,115400.0,393500.0,1200000.0,542740.0,
https://tiktok.com/@chicomatoes,https://tiktok.com/@chicomatoes,131300.0,83200.0,378800.0,147320.0,
https://tiktok.com/@anthonypert,https://tiktok.com/@anthonypert,562000.0,1200000.0,531400.0,1858680.0,
https://tiktok.com/@riohuskypitbull,https://tiktok.com/@riohuskypitbull,2972.0,4227.0,2488.0,3657.8,
https://tiktok.com/@connie_yadira,https://tiktok.com/@connie_yadira,8033.0,7224.0,14300.0,10749.6,
https://tiktok.com/@tooloo9,https://tiktok.com/@tooloo9,2508.0,14200.0,8252.0,11572.0,
https://tiktok.com/@ogmaroo,https://tiktok.com/@ogmaroo,2889.0,17000.0,12200.0,18917.8,
https://tiktok.com/@adriana.tech,https://tiktok.com/@adriana.tech,1480.0,11000.0,33700.0,10442.8,
https://tiktok.com/@pauljehll,https://tiktok.com/@pauljehll,52700.0,298800.0,96500.0,217480.0,
https://tiktok.com/@benjiedsch,https://tiktok.com/@benjiedsch,1684.0,1229.0,6259.0,3948.2,
NO account found,NO account found,NO account found,NO account found,NO account found,NO account found,NO account found
NO account found,NO account found,NO account found,NO account found,NO account found,NO account found,NO account found
https://tiktok.com/@lukewesleypearson,https://tiktok.com/@lukewesleypearson,1458.0,4504.0,1846.0,2288.6,
https://tiktok.com/@daywithmei,https://tiktok.com/@daywithmei,83400.0,381900.0,207700.0,161020.0,
https://tiktok.com/@homewithkyria,https://tiktok.com/@homewithkyria,37300.0,15400.0,70300.0,65820.0,
NO account found,NO account found,NO account found,NO account found,NO account found,NO account found,NO account found
https://tiktok.com/@soydanielataborda,https://tiktok.com/@soydanielataborda,6178.0,16100.000000000002,2051.0,13025.8,
https://tiktok.com/@rachel_loaf,https://tiktok.com/@rachel_loaf,1232.0,11800.0,864500.0,184086.4,
NO account found,NO account found,NO account found,NO account found,NO account found,NO account found,NO account found
https://tiktok.com/@jhallballer0,https://tiktok.com/@jhallballer0,6165.0,8251.0,1920.0,7152.6,
https://tiktok.com/@monahuygelen,https://tiktok.com/@monahuygelen,26900.0,45200.0,28500.0,34260.0,
https://tiktok.com/@peachietech,https://tiktok.com/@peachietech,532.0,2127.0,5503.0,10742.2,
NO account found,NO account found,NO account found,NO account found,NO account found,NO account found,NO account found
https://tiktok.com/@berryberrygay,https://tiktok.com/@berryberrygay,31500.0,9549.0,1800000.0,433289.8,
NO account found,NO account found,NO account found,NO account found,NO account found,NO account found,NO account found
https://tiktok.com/@mike.ripped,https://tiktok.com/@mike.ripped,10400.0,5484.0,5009.0,5964.4,
https://tiktok.com/@thisguyabdullah,https://tiktok.com/@thisguyabdullah,135700.0,2800000.0,225700.0,1196340.0,
https://tiktok.com/@imsamkohl,https://tiktok.com/@imsamkohl,233200.0,174300.0,1600000.0,1146220.0,
https://tiktok.com/@coachrocknteddi,https://tiktok.com/@coachrocknteddi,3843.0,6497.0,54700.0,20328.0,
https://tiktok.com/@babisanoja,https://tiktok.com/@babisanoja,2864.0,13700.0,8794.0,12391.6,
https://tiktok.com/@margaretyya,https://tiktok.com/@margaretyya,19900.0,4656.0,3952.0,9844.6,
https://tiktok.com/@realmiturz,https://tiktok.com/@realmiturz,6293.0,7311.0,22400.0,30620.8,
NO account found,NO account found,NO account found,NO account found,NO account found,NO account found,NO account found
https://tiktok.com/@itz.brendan,https://tiktok.com/@itz.brendan,20200.0,2118.0,9503.0,9759.2,
NO account found,NO account found,NO account found,NO account found,NO account found,NO account found,NO account found
NO account found,NO account found,NO account found,NO account found,NO account found,NO account found,NO account found
NO account found,NO account found,NO account found,NO account found,NO account found,NO account found,NO account found
https://tiktok.com/@marielamarrin,https://tiktok.com/@marielamarrin,552.0,1367.0,716.0,2725.6,
https://tiktok.com/@Gaberema,https://tiktok.com/@Gaberema,867.0,6048.0,13500.0,7001.4,
https://tiktok.com/@kelly_kavinsky,https://tiktok.com/@kelly_kavinsky,13900.0,5918.0,24400.0,23799.6,
https://tiktok.com/@alexander.chung,https://tiktok.com/@alexander.chung,1068.0,8940.0,11500.0,11036.4,
https://tiktok.com/@ariellescarcella,https://tiktok.com/@ariellescarcella,10300.0,37800.0,9419.0,22283.8,
https://tiktok.com/@amandamonroee,https://tiktok.com/@amandamonroee,2356.0,8524.0,6737.0,6075.6,
https://tiktok.com/@Robertadbrito,https://tiktok.com/@Robertadbrito,500.0,440.0,868.0,602.0,
NO account found,NO account found,NO account found,NO account found,NO account found,NO account found,NO account found
https://tiktok.com/@orlandokyng,https://tiktok.com/@orlandokyng,26500.0,1593.0,1952.0,6771.2,
https://tiktok.com/@nataliarenitarodriguez,https://tiktok.com/@nataliarenitarodriguez,4076.0,3925.0,4103.0,74800.8,
NO account found,NO account found,NO account found,NO account found,NO account found,NO account found,NO account found
https://tiktok.com/@PotatoMcWhiskey,https://tiktok.com/@PotatoMcWhiskey,NO account found,NO account found,NO account found,NO account found,
NO account found,NO account found,NO account found,NO account found,NO account found,NO account found,NO account found
